month_year,state,district,pincode,age_0_5,age_5_17,age_18_greater,plot_date,total_enrollments
2025-04,Maharashtra,Mumbai Suburban,400058,82,13,10,2025-04-01,105
2025-04,Maharashtra,Mumbai Suburban,400070,135,34,22,2025-04-01,191
2025-04,Maharashtra,Mumbai Suburban,400072,172,62,12,2025-04-01,246
2025-05,Maharashtra,Mumbai Suburban,400043,183,117,24,2025-05-01,324
2025-05,Maharashtra,Mumbai Suburban,400064,43,12,14,2025-05-01,69
2025-05,Maharashtra,Mumbai Suburban,400065,30,12,10,2025-05-01,52
2025-05,Maharashtra,Mumbai Suburban,400067,97,54,23,2025-05-01,174
2025-05,Maharashtra,Mumbai Suburban,400070,85,40,11,2025-05-01,136
2025-05,Maharashtra,Mumbai Suburban,400071,34,15,11,2025-05-01,60
2025-05,Maharashtra,Mumbai Suburban,400072,96,45,52,2025-05-01,193
2025-05,Maharashtra,Mumbai Suburban,400078,58,22,11,2025-05-01,91
2025-05,Maharashtra,Mumbai Suburban,400080,43,14,13,2025-05-01,70
2025-05,Maharashtra,Mumbai Suburban,400095,86,49,18,2025-05-01,153
2025-05,Maharashtra,Mumbai Suburban,400097,66,40,26,2025-05-01,132
2025-05,Maharashtra,Mumbai Suburban,400101,61,37,17,2025-05-01,115
2025-06,Maharashtra,Mumbai Suburban,400024,3,4,0,2025-06-01,7
2025-06,Maharashtra,Mumbai Suburban,400029,4,1,0,2025-06-01,5
2025-06,Maharashtra,Mumbai Suburban,400042,11,2,1,2025-06-01,14
2025-06,Maharashtra,Mumbai Suburban,400043,79,109,4,2025-06-01,192
2025-06,Maharashtra,Mumbai Suburban,400049,5,1,0,2025-06-01,6
2025-06,Maharashtra,Mumbai Suburban,400050,7,4,0,2025-06-01,11
2025-06,Maharashtra,Mumbai Suburban,400051,20,14,0,2025-06-01,34
2025-06,Maharashtra,Mumbai Suburban,400052,9,4,0,2025-06-01,13
2025-06,Maharashtra,Mumbai Suburban,400053,12,7,0,2025-06-01,19
2025-06,Maharashtra,Mumbai Suburban,400054,4,13,2,2025-06-01,19
2025-06,Maharashtra,Mumbai Suburban,400055,9,10,0,2025-06-01,19
2025-06,Maharashtra,Mumbai Suburban,400056,2,3,0,2025-06-01,5
2025-06,Maharashtra,Mumbai Suburban,400057,7,4,2,2025-06-01,13
2025-06,Maharashtra,Mumbai Suburban,400058,18,17,2,2025-06-01,37
2025-06,Maharashtra,Mumbai Suburban,400059,14,10,1,2025-06-01,25
2025-06,Maharashtra,Mumbai Suburban,400060,6,9,2,2025-06-01,17
2025-06,Maharashtra,Mumbai Suburban,400061,7,6,0,2025-06-01,13
2025-06,Maharashtra,Mumbai Suburban,400063,8,7,1,2025-06-01,16
2025-06,Maharashtra,Mumbai Suburban,400064,14,8,1,2025-06-01,23
2025-06,Maharashtra,Mumbai Suburban,400065,11,10,0,2025-06-01,21
2025-06,Maharashtra,Mumbai Suburban,400066,17,14,0,2025-06-01,31
2025-06,Maharashtra,Mumbai Suburban,400067,30,36,1,2025-06-01,67
2025-06,Maharashtra,Mumbai Suburban,400068,26,21,0,2025-06-01,47
2025-06,Maharashtra,Mumbai Suburban,400069,11,3,0,2025-06-01,14
2025-06,Maharashtra,Mumbai Suburban,400070,20,32,2,2025-06-01,54
2025-06,Maharashtra,Mumbai Suburban,400071,15,13,1,2025-06-01,29
2025-06,Maharashtra,Mumbai Suburban,400072,29,44,3,2025-06-01,76
2025-06,Maharashtra,Mumbai Suburban,400074,19,11,0,2025-06-01,30
2025-06,Maharashtra,Mumbai Suburban,400075,14,7,2,2025-06-01,23
2025-06,Maharashtra,Mumbai Suburban,400076,3,10,2,2025-06-01,15
2025-06,Maharashtra,Mumbai Suburban,400077,2,6,1,2025-06-01,9
2025-06,Maharashtra,Mumbai Suburban,400078,24,22,1,2025-06-01,47
2025-06,Maharashtra,Mumbai Suburban,400079,7,5,1,2025-06-01,13
2025-06,Maharashtra,Mumbai Suburban,400080,12,8,1,2025-06-01,21
2025-06,Maharashtra,Mumbai Suburban,400081,6,6,2,2025-06-01,14
2025-06,Maharashtra,Mumbai Suburban,400082,1,1,0,2025-06-01,2
2025-06,Maharashtra,Mumbai Suburban,400083,8,6,0,2025-06-01,14
2025-06,Maharashtra,Mumbai Suburban,400084,10,13,0,2025-06-01,23
2025-06,Maharashtra,Mumbai Suburban,400085,0,0,1,2025-06-01,1
2025-06,Maharashtra,Mumbai Suburban,400086,35,12,2,2025-06-01,49
2025-06,Maharashtra,Mumbai Suburban,400087,2,3,0,2025-06-01,5
2025-06,Maharashtra,Mumbai Suburban,400088,11,14,0,2025-06-01,25
2025-06,Maharashtra,Mumbai Suburban,400089,8,6,2,2025-06-01,16
2025-06,Maharashtra,Mumbai Suburban,400091,3,10,0,2025-06-01,13
2025-06,Maharashtra,Mumbai Suburban,400092,9,9,2,2025-06-01,20
2025-06,Maharashtra,Mumbai Suburban,400093,6,6,0,2025-06-01,12
2025-06,Maharashtra,Mumbai Suburban,400094,4,3,2,2025-06-01,9
2025-06,Maharashtra,Mumbai Suburban,400095,30,28,1,2025-06-01,59
2025-06,Maharashtra,Mumbai Suburban,400097,37,27,1,2025-06-01,65
2025-06,Maharashtra,Mumbai Suburban,400098,0,2,0,2025-06-01,2
2025-06,Maharashtra,Mumbai Suburban,400099,5,10,1,2025-06-01,16
2025-06,Maharashtra,Mumbai Suburban,400101,32,25,2,2025-06-01,59
2025-06,Maharashtra,Mumbai Suburban,400102,13,19,1,2025-06-01,33
2025-06,Maharashtra,Mumbai Suburban,400103,3,10,2,2025-06-01,15
2025-06,Maharashtra,Mumbai Suburban,400104,22,18,0,2025-06-01,40
2025-07,Maharashtra,Mumbai Suburban,400043,854,758,25,2025-07-01,1637
2025-07,Maharashtra,Mumbai Suburban,400050,88,49,24,2025-07-01,161
2025-07,Maharashtra,Mumbai Suburban,400051,172,112,14,2025-07-01,298
2025-07,Maharashtra,Mumbai Suburban,400053,96,73,10,2025-07-01,179
2025-07,Maharashtra,Mumbai Suburban,400059,125,69,11,2025-07-01,205
2025-07,Maharashtra,Mumbai Suburban,400070,331,260,14,2025-07-01,605
2025-07,Maharashtra,Mumbai Suburban,400071,186,95,20,2025-07-01,301
2025-07,Maharashtra,Mumbai Suburban,400072,495,364,23,2025-07-01,882
2025-07,Maharashtra,Mumbai Suburban,400074,148,64,12,2025-07-01,224
2025-07,Maharashtra,Mumbai Suburban,400076,69,24,18,2025-07-01,111
2025-07,Maharashtra,Mumbai Suburban,400078,296,173,14,2025-07-01,483
2025-07,Maharashtra,Mumbai Suburban,400080,138,55,11,2025-07-01,204
2025-07,Maharashtra,Mumbai Suburban,400088,189,81,11,2025-07-01,281
2025-09,Maharashtra,Mumbai Suburban,400024,16,6,0,2025-09-01,22
2025-09,Maharashtra,Mumbai Suburban,400029,10,1,0,2025-09-01,11
2025-09,Maharashtra,Mumbai Suburban,400042,30,7,0,2025-09-01,37
2025-09,Maharashtra,Mumbai Suburban,400043,234,117,0,2025-09-01,351
2025-09,Maharashtra,Mumbai Suburban,400049,13,2,0,2025-09-01,15
2025-09,Maharashtra,Mumbai Suburban,400050,39,13,2,2025-09-01,54
2025-09,Maharashtra,Mumbai Suburban,400051,57,14,1,2025-09-01,72
2025-09,Maharashtra,Mumbai Suburban,400052,11,4,0,2025-09-01,15
2025-09,Maharashtra,Mumbai Suburban,400053,42,11,0,2025-09-01,53
2025-09,Maharashtra,Mumbai Suburban,400054,18,8,2,2025-09-01,28
2025-09,Maharashtra,Mumbai Suburban,400055,33,11,3,2025-09-01,47
2025-09,Maharashtra,Mumbai Suburban,400056,13,4,1,2025-09-01,18
2025-09,Maharashtra,Mumbai Suburban,400057,18,4,0,2025-09-01,22
2025-09,Maharashtra,Mumbai Suburban,400058,66,16,2,2025-09-01,84
2025-09,Maharashtra,Mumbai Suburban,400059,43,10,1,2025-09-01,54
2025-09,Maharashtra,Mumbai Suburban,400060,38,6,0,2025-09-01,44
2025-09,Maharashtra,Mumbai Suburban,400061,19,5,1,2025-09-01,25
2025-09,Maharashtra,Mumbai Suburban,400063,31,11,0,2025-09-01,42
2025-09,Maharashtra,Mumbai Suburban,400064,43,6,0,2025-09-01,49
2025-09,Maharashtra,Mumbai Suburban,400065,27,20,0,2025-09-01,47
2025-09,Maharashtra,Mumbai Suburban,400066,54,13,0,2025-09-01,67
2025-09,Maharashtra,Mumbai Suburban,400067,103,33,0,2025-09-01,136
2025-09,Maharashtra,Mumbai Suburban,400068,64,28,0,2025-09-01,92
2025-09,Maharashtra,Mumbai Suburban,400069,19,6,0,2025-09-01,25
2025-09,Maharashtra,Mumbai Suburban,400070,93,43,0,2025-09-01,136
2025-09,Maharashtra,Mumbai Suburban,400071,49,16,2,2025-09-01,67
2025-09,Maharashtra,Mumbai Suburban,400072,107,42,0,2025-09-01,149
2025-09,Maharashtra,Mumbai Suburban,400074,32,17,1,2025-09-01,50
2025-09,Maharashtra,Mumbai Suburban,400075,23,8,0,2025-09-01,31
2025-09,Maharashtra,Mumbai Suburban,400076,14,2,3,2025-09-01,19
2025-09,Maharashtra,Mumbai Suburban,400077,20,10,0,2025-09-01,30
2025-09,Maharashtra,Mumbai Suburban,400078,70,12,0,2025-09-01,82
2025-09,Maharashtra,Mumbai Suburban,400079,20,6,0,2025-09-01,26
2025-09,Maharashtra,Mumbai Suburban,400080,49,12,0,2025-09-01,61
2025-09,Maharashtra,Mumbai Suburban,400081,19,6,0,2025-09-01,25
2025-09,Maharashtra,Mumbai Suburban,400082,5,1,0,2025-09-01,6
2025-09,Maharashtra,Mumbai Suburban,400083,36,10,0,2025-09-01,46
2025-09,Maharashtra,Mumbai Suburban,400084,24,8,0,2025-09-01,32
2025-09,Maharashtra,Mumbai Suburban,400086,67,26,1,2025-09-01,94
2025-09,Maharashtra,Mumbai Suburban,400087,6,1,0,2025-09-01,7
2025-09,Maharashtra,Mumbai Suburban,400088,73,17,1,2025-09-01,91
2025-09,Maharashtra,Mumbai Suburban,400089,23,12,1,2025-09-01,36
2025-09,Maharashtra,Mumbai Suburban,400091,17,4,0,2025-09-01,21
2025-09,Maharashtra,Mumbai Suburban,400092,32,16,0,2025-09-01,48
2025-09,Maharashtra,Mumbai Suburban,400093,48,9,0,2025-09-01,57
2025-09,Maharashtra,Mumbai Suburban,400094,8,2,0,2025-09-01,10
2025-09,Maharashtra,Mumbai Suburban,400095,79,69,1,2025-09-01,149
2025-09,Maharashtra,Mumbai Suburban,400097,102,40,0,2025-09-01,142
2025-09,Maharashtra,Mumbai Suburban,400098,1,2,0,2025-09-01,3
2025-09,Maharashtra,Mumbai Suburban,400099,21,16,0,2025-09-01,37
2025-09,Maharashtra,Mumbai Suburban,400101,73,38,0,2025-09-01,111
2025-09,Maharashtra,Mumbai Suburban,400102,56,21,3,2025-09-01,80
2025-09,Maharashtra,Mumbai Suburban,400103,16,5,0,2025-09-01,21
2025-09,Maharashtra,Mumbai Suburban,400104,59,21,0,2025-09-01,80
2025-10,Maharashtra,Mumbai Suburban,400024,8,1,1,2025-10-01,10
2025-10,Maharashtra,Mumbai Suburban,400029,7,0,0,2025-10-01,7
2025-10,Maharashtra,Mumbai Suburban,400042,14,1,1,2025-10-01,16
2025-10,Maharashtra,Mumbai Suburban,400043,120,33,1,2025-10-01,154
2025-10,Maharashtra,Mumbai Suburban,400049,7,3,0,2025-10-01,10
2025-10,Maharashtra,Mumbai Suburban,400050,16,7,0,2025-10-01,23
2025-10,Maharashtra,Mumbai Suburban,400051,44,13,0,2025-10-01,57
2025-10,Maharashtra,Mumbai Suburban,400052,6,0,0,2025-10-01,6
2025-10,Maharashtra,Mumbai Suburban,400053,24,4,2,2025-10-01,30
2025-10,Maharashtra,Mumbai Suburban,400054,10,5,0,2025-10-01,15
2025-10,Maharashtra,Mumbai Suburban,400055,29,9,1,2025-10-01,39
2025-10,Maharashtra,Mumbai Suburban,400056,20,5,1,2025-10-01,26
2025-10,Maharashtra,Mumbai Suburban,400057,8,1,1,2025-10-01,10
2025-10,Maharashtra,Mumbai Suburban,400058,36,13,0,2025-10-01,49
2025-10,Maharashtra,Mumbai Suburban,400059,19,5,2,2025-10-01,26
2025-10,Maharashtra,Mumbai Suburban,400060,21,6,0,2025-10-01,27
2025-10,Maharashtra,Mumbai Suburban,400061,28,2,0,2025-10-01,30
2025-10,Maharashtra,Mumbai Suburban,400063,19,11,0,2025-10-01,30
2025-10,Maharashtra,Mumbai Suburban,400064,45,4,0,2025-10-01,49
2025-10,Maharashtra,Mumbai Suburban,400065,20,8,2,2025-10-01,30
2025-10,Maharashtra,Mumbai Suburban,400066,22,6,1,2025-10-01,29
2025-10,Maharashtra,Mumbai Suburban,400067,59,18,0,2025-10-01,77
2025-10,Maharashtra,Mumbai Suburban,400068,38,12,2,2025-10-01,52
2025-10,Maharashtra,Mumbai Suburban,400069,16,3,0,2025-10-01,19
2025-10,Maharashtra,Mumbai Suburban,400070,66,9,3,2025-10-01,78
2025-10,Maharashtra,Mumbai Suburban,400071,34,5,3,2025-10-01,42
2025-10,Maharashtra,Mumbai Suburban,400072,92,24,3,2025-10-01,119
2025-10,Maharashtra,Mumbai Suburban,400074,43,5,0,2025-10-01,48
2025-10,Maharashtra,Mumbai Suburban,400075,19,4,0,2025-10-01,23
2025-10,Maharashtra,Mumbai Suburban,400076,11,4,0,2025-10-01,15
2025-10,Maharashtra,Mumbai Suburban,400077,16,2,1,2025-10-01,19
2025-10,Maharashtra,Mumbai Suburban,400078,51,9,0,2025-10-01,60
2025-10,Maharashtra,Mumbai Suburban,400079,12,2,0,2025-10-01,14
2025-10,Maharashtra,Mumbai Suburban,400080,35,7,5,2025-10-01,47
2025-10,Maharashtra,Mumbai Suburban,400081,11,2,0,2025-10-01,13
2025-10,Maharashtra,Mumbai Suburban,400082,6,0,1,2025-10-01,7
2025-10,Maharashtra,Mumbai Suburban,400083,35,11,2,2025-10-01,48
2025-10,Maharashtra,Mumbai Suburban,400084,17,2,4,2025-10-01,23
2025-10,Maharashtra,Mumbai Suburban,400085,1,0,0,2025-10-01,1
2025-10,Maharashtra,Mumbai Suburban,400086,41,6,8,2025-10-01,55
2025-10,Maharashtra,Mumbai Suburban,400087,4,0,0,2025-10-01,4
2025-10,Maharashtra,Mumbai Suburban,400088,39,5,2,2025-10-01,46
2025-10,Maharashtra,Mumbai Suburban,400089,16,5,4,2025-10-01,25
2025-10,Maharashtra,Mumbai Suburban,400091,13,4,2,2025-10-01,19
2025-10,Maharashtra,Mumbai Suburban,400092,26,7,0,2025-10-01,33
2025-10,Maharashtra,Mumbai Suburban,400093,15,3,0,2025-10-01,18
2025-10,Maharashtra,Mumbai Suburban,400094,2,1,0,2025-10-01,3
2025-10,Maharashtra,Mumbai Suburban,400095,35,18,6,2025-10-01,59
2025-10,Maharashtra,Mumbai Suburban,400097,69,22,1,2025-10-01,92
2025-10,Maharashtra,Mumbai Suburban,400098,8,1,0,2025-10-01,9
2025-10,Maharashtra,Mumbai Suburban,400099,12,1,0,2025-10-01,13
2025-10,Maharashtra,Mumbai Suburban,400101,67,21,2,2025-10-01,90
2025-10,Maharashtra,Mumbai Suburban,400102,34,14,1,2025-10-01,49
2025-10,Maharashtra,Mumbai Suburban,400103,12,4,1,2025-10-01,17
2025-10,Maharashtra,Mumbai Suburban,400104,51,3,0,2025-10-01,54
2025-11,Maharashtra,Mumbai Suburban,400024,20,2,0,2025-11-01,22
2025-11,Maharashtra,Mumbai Suburban,400029,7,2,1,2025-11-01,10
2025-11,Maharashtra,Mumbai Suburban,400042,27,8,0,2025-11-01,35
2025-11,Maharashtra,Mumbai Suburban,400043,191,62,0,2025-11-01,253
2025-11,Maharashtra,Mumbai Suburban,400049,12,7,0,2025-11-01,19
2025-11,Maharashtra,Mumbai Suburban,400050,29,11,3,2025-11-01,43
2025-11,Maharashtra,Mumbai Suburban,400051,63,17,4,2025-11-01,84
2025-11,Maharashtra,Mumbai Suburban,400052,14,3,11,2025-11-01,28
2025-11,Maharashtra,Mumbai Suburban,400053,38,8,4,2025-11-01,50
2025-11,Maharashtra,Mumbai Suburban,400054,17,6,3,2025-11-01,26
2025-11,Maharashtra,Mumbai Suburban,400055,67,9,2,2025-11-01,78
2025-11,Maharashtra,Mumbai Suburban,400056,22,5,4,2025-11-01,31
2025-11,Maharashtra,Mumbai Suburban,400057,17,1,0,2025-11-01,18
2025-11,Maharashtra,Mumbai Suburban,400058,60,10,3,2025-11-01,73
2025-11,Maharashtra,Mumbai Suburban,400059,34,7,2,2025-11-01,43
2025-11,Maharashtra,Mumbai Suburban,400060,33,9,7,2025-11-01,49
2025-11,Maharashtra,Mumbai Suburban,400061,15,3,2,2025-11-01,20
2025-11,Maharashtra,Mumbai Suburban,400063,46,8,1,2025-11-01,55
2025-11,Maharashtra,Mumbai Suburban,400064,43,12,3,2025-11-01,58
2025-11,Maharashtra,Mumbai Suburban,400065,38,8,2,2025-11-01,48
2025-11,Maharashtra,Mumbai Suburban,400066,62,15,2,2025-11-01,79
2025-11,Maharashtra,Mumbai Suburban,400067,112,33,3,2025-11-01,148
2025-11,Maharashtra,Mumbai Suburban,400068,84,17,15,2025-11-01,116
2025-11,Maharashtra,Mumbai Suburban,400069,19,6,5,2025-11-01,30
2025-11,Maharashtra,Mumbai Suburban,400070,141,24,5,2025-11-01,170
2025-11,Maharashtra,Mumbai Suburban,400071,59,19,3,2025-11-01,81
2025-11,Maharashtra,Mumbai Suburban,400072,126,44,5,2025-11-01,175
2025-11,Maharashtra,Mumbai Suburban,400074,69,11,1,2025-11-01,81
2025-11,Maharashtra,Mumbai Suburban,400075,31,5,0,2025-11-01,36
2025-11,Maharashtra,Mumbai Suburban,400076,12,10,1,2025-11-01,23
2025-11,Maharashtra,Mumbai Suburban,400077,18,0,0,2025-11-01,18
2025-11,Maharashtra,Mumbai Suburban,400078,86,14,1,2025-11-01,101
2025-11,Maharashtra,Mumbai Suburban,400079,19,1,1,2025-11-01,21
2025-11,Maharashtra,Mumbai Suburban,400080,58,14,3,2025-11-01,75
2025-11,Maharashtra,Mumbai Suburban,400081,21,2,0,2025-11-01,23
2025-11,Maharashtra,Mumbai Suburban,400082,6,3,1,2025-11-01,10
2025-11,Maharashtra,Mumbai Suburban,400083,53,11,1,2025-11-01,65
2025-11,Maharashtra,Mumbai Suburban,400084,34,3,0,2025-11-01,37
2025-11,Maharashtra,Mumbai Suburban,400086,61,8,3,2025-11-01,72
2025-11,Maharashtra,Mumbai Suburban,400087,7,2,1,2025-11-01,10
2025-11,Maharashtra,Mumbai Suburban,400088,48,19,3,2025-11-01,70
2025-11,Maharashtra,Mumbai Suburban,400089,31,4,0,2025-11-01,35
2025-11,Maharashtra,Mumbai Suburban,400091,16,6,2,2025-11-01,24
2025-11,Maharashtra,Mumbai Suburban,400092,45,11,10,2025-11-01,66
2025-11,Maharashtra,Mumbai Suburban,400093,47,7,2,2025-11-01,56
2025-11,Maharashtra,Mumbai Suburban,400094,6,2,0,2025-11-01,8
2025-11,Maharashtra,Mumbai Suburban,400095,115,32,7,2025-11-01,154
2025-11,Maharashtra,Mumbai Suburban,400097,104,22,8,2025-11-01,134
2025-11,Maharashtra,Mumbai Suburban,400098,8,2,2,2025-11-01,12
2025-11,Maharashtra,Mumbai Suburban,400099,25,5,3,2025-11-01,33
2025-11,Maharashtra,Mumbai Suburban,400101,59,31,4,2025-11-01,94
2025-11,Maharashtra,Mumbai Suburban,400102,51,17,1,2025-11-01,69
2025-11,Maharashtra,Mumbai Suburban,400103,21,6,7,2025-11-01,34
2025-11,Maharashtra,Mumbai Suburban,400104,64,17,2,2025-11-01,83
2025-12,Maharashtra,Mumbai Suburban,400024,8,3,1,2025-12-01,12
2025-12,Maharashtra,Mumbai Suburban,400029,5,3,0,2025-12-01,8
2025-12,Maharashtra,Mumbai Suburban,400042,14,3,0,2025-12-01,17
2025-12,Maharashtra,Mumbai Suburban,400043,168,33,2,2025-12-01,203
2025-12,Maharashtra,Mumbai Suburban,400049,2,3,1,2025-12-01,6
2025-12,Maharashtra,Mumbai Suburban,400050,25,3,11,2025-12-01,39
2025-12,Maharashtra,Mumbai Suburban,400051,31,7,1,2025-12-01,39
2025-12,Maharashtra,Mumbai Suburban,400052,8,4,1,2025-12-01,13
2025-12,Maharashtra,Mumbai Suburban,400053,17,8,1,2025-12-01,26
2025-12,Maharashtra,Mumbai Suburban,400054,11,4,2,2025-12-01,17
2025-12,Maharashtra,Mumbai Suburban,400055,37,3,0,2025-12-01,40
2025-12,Maharashtra,Mumbai Suburban,400056,10,1,1,2025-12-01,12
2025-12,Maharashtra,Mumbai Suburban,400057,11,2,0,2025-12-01,13
2025-12,Maharashtra,Mumbai Suburban,400058,36,7,0,2025-12-01,43
2025-12,Maharashtra,Mumbai Suburban,400059,23,2,3,2025-12-01,28
2025-12,Maharashtra,Mumbai Suburban,400060,39,5,0,2025-12-01,44
2025-12,Maharashtra,Mumbai Suburban,400061,12,2,0,2025-12-01,14
2025-12,Maharashtra,Mumbai Suburban,400063,27,7,2,2025-12-01,36
2025-12,Maharashtra,Mumbai Suburban,400064,29,4,2,2025-12-01,35
2025-12,Maharashtra,Mumbai Suburban,400065,26,4,0,2025-12-01,30
2025-12,Maharashtra,Mumbai Suburban,400066,43,6,2,2025-12-01,51
2025-12,Maharashtra,Mumbai Suburban,400067,65,21,4,2025-12-01,90
2025-12,Maharashtra,Mumbai Suburban,400068,70,10,2,2025-12-01,82
2025-12,Maharashtra,Mumbai Suburban,400069,10,1,0,2025-12-01,11
2025-12,Maharashtra,Mumbai Suburban,400070,88,10,2,2025-12-01,100
2025-12,Maharashtra,Mumbai Suburban,400071,42,9,1,2025-12-01,52
2025-12,Maharashtra,Mumbai Suburban,400072,62,15,1,2025-12-01,78
2025-12,Maharashtra,Mumbai Suburban,400074,35,8,0,2025-12-01,43
2025-12,Maharashtra,Mumbai Suburban,400075,26,5,0,2025-12-01,31
2025-12,Maharashtra,Mumbai Suburban,400076,26,9,5,2025-12-01,40
2025-12,Maharashtra,Mumbai Suburban,400077,19,1,0,2025-12-01,20
2025-12,Maharashtra,Mumbai Suburban,400078,44,2,0,2025-12-01,46
2025-12,Maharashtra,Mumbai Suburban,400079,13,1,0,2025-12-01,14
2025-12,Maharashtra,Mumbai Suburban,400080,24,8,0,2025-12-01,32
2025-12,Maharashtra,Mumbai Suburban,400081,15,2,0,2025-12-01,17
2025-12,Maharashtra,Mumbai Suburban,400082,2,1,0,2025-12-01,3
2025-12,Maharashtra,Mumbai Suburban,400083,35,1,0,2025-12-01,36
2025-12,Maharashtra,Mumbai Suburban,400084,7,3,0,2025-12-01,10
2025-12,Maharashtra,Mumbai Suburban,400086,47,9,1,2025-12-01,57
2025-12,Maharashtra,Mumbai Suburban,400087,7,0,0,2025-12-01,7
2025-12,Maharashtra,Mumbai Suburban,400088,29,5,0,2025-12-01,34
2025-12,Maharashtra,Mumbai Suburban,400089,17,3,0,2025-12-01,20
2025-12,Maharashtra,Mumbai Suburban,400091,8,4,1,2025-12-01,13
2025-12,Maharashtra,Mumbai Suburban,400092,29,3,0,2025-12-01,32
2025-12,Maharashtra,Mumbai Suburban,400093,33,5,1,2025-12-01,39
2025-12,Maharashtra,Mumbai Suburban,400094,5,1,0,2025-12-01,6
2025-12,Maharashtra,Mumbai Suburban,400095,48,19,4,2025-12-01,71
2025-12,Maharashtra,Mumbai Suburban,400097,67,19,1,2025-12-01,87
2025-12,Maharashtra,Mumbai Suburban,400098,6,2,0,2025-12-01,8
2025-12,Maharashtra,Mumbai Suburban,400099,12,1,0,2025-12-01,13
2025-12,Maharashtra,Mumbai Suburban,400101,81,16,1,2025-12-01,98
2025-12,Maharashtra,Mumbai Suburban,400102,37,8,0,2025-12-01,45
2025-12,Maharashtra,Mumbai Suburban,400103,16,1,0,2025-12-01,17
2025-12,Maharashtra,Mumbai Suburban,400104,46,8,6,2025-12-01,60
2026-01,Maharashtra,Mumbai Suburban,400024,3,3,0,2026-01-01,6
2026-01,Maharashtra,Mumbai Suburban,400029,1,0,0,2026-01-01,1
2026-01,Maharashtra,Mumbai Suburban,400042,9,2,0,2026-01-01,11
2026-01,Maharashtra,Mumbai Suburban,400043,37,18,0,2026-01-01,55
2026-01,Maharashtra,Mumbai Suburban,400049,1,1,1,2026-01-01,3
2026-01,Maharashtra,Mumbai Suburban,400050,2,1,2,2026-01-01,5
2026-01,Maharashtra,Mumbai Suburban,400051,12,5,0,2026-01-01,17
2026-01,Maharashtra,Mumbai Suburban,400052,5,4,1,2026-01-01,10
2026-01,Maharashtra,Mumbai Suburban,400053,5,10,1,2026-01-01,16
2026-01,Maharashtra,Mumbai Suburban,400054,4,0,2,2026-01-01,6
2026-01,Maharashtra,Mumbai Suburban,400055,9,3,0,2026-01-01,12
2026-01,Maharashtra,Mumbai Suburban,400056,2,0,0,2026-01-01,2
2026-01,Maharashtra,Mumbai Suburban,400057,3,1,0,2026-01-01,4
2026-01,Maharashtra,Mumbai Suburban,400058,12,3,0,2026-01-01,15
2026-01,Maharashtra,Mumbai Suburban,400059,10,8,0,2026-01-01,18
2026-01,Maharashtra,Mumbai Suburban,400060,11,5,0,2026-01-01,16
2026-01,Maharashtra,Mumbai Suburban,400061,3,0,0,2026-01-01,3
2026-01,Maharashtra,Mumbai Suburban,400063,5,4,1,2026-01-01,10
2026-01,Maharashtra,Mumbai Suburban,400064,7,0,0,2026-01-01,7
2026-01,Maharashtra,Mumbai Suburban,400065,7,3,1,2026-01-01,11
2026-01,Maharashtra,Mumbai Suburban,400066,6,3,0,2026-01-01,9
2026-01,Maharashtra,Mumbai Suburban,400067,21,8,0,2026-01-01,29
2026-01,Maharashtra,Mumbai Suburban,400068,11,3,0,2026-01-01,14
2026-01,Maharashtra,Mumbai Suburban,400069,4,0,0,2026-01-01,4
2026-01,Maharashtra,Mumbai Suburban,400070,21,3,1,2026-01-01,25
2026-01,Maharashtra,Mumbai Suburban,400071,13,3,1,2026-01-01,17
2026-01,Maharashtra,Mumbai Suburban,400072,24,12,1,2026-01-01,37
2026-01,Maharashtra,Mumbai Suburban,400074,9,5,0,2026-01-01,14
2026-01,Maharashtra,Mumbai Suburban,400075,7,1,0,2026-01-01,8
2026-01,Maharashtra,Mumbai Suburban,400076,4,1,1,2026-01-01,6
2026-01,Maharashtra,Mumbai Suburban,400077,4,1,0,2026-01-01,5
2026-01,Maharashtra,Mumbai Suburban,400078,18,6,0,2026-01-01,24
2026-01,Maharashtra,Mumbai Suburban,400079,8,2,0,2026-01-01,10
2026-01,Maharashtra,Mumbai Suburban,400080,7,3,0,2026-01-01,10
2026-01,Maharashtra,Mumbai Suburban,400081,3,3,0,2026-01-01,6
2026-01,Maharashtra,Mumbai Suburban,400083,3,4,0,2026-01-01,7
2026-01,Maharashtra,Mumbai Suburban,400084,5,2,0,2026-01-01,7
2026-01,Maharashtra,Mumbai Suburban,400086,10,3,0,2026-01-01,13
2026-01,Maharashtra,Mumbai Suburban,400087,3,0,0,2026-01-01,3
2026-01,Maharashtra,Mumbai Suburban,400088,4,5,0,2026-01-01,9
2026-01,Maharashtra,Mumbai Suburban,400089,4,2,0,2026-01-01,6
2026-01,Maharashtra,Mumbai Suburban,400091,3,0,0,2026-01-01,3
2026-01,Maharashtra,Mumbai Suburban,400092,12,2,0,2026-01-01,14
2026-01,Maharashtra,Mumbai Suburban,400093,8,1,0,2026-01-01,9
2026-01,Maharashtra,Mumbai Suburban,400094,2,0,0,2026-01-01,2
2026-01,Maharashtra,Mumbai Suburban,400095,15,6,1,2026-01-01,22
2026-01,Maharashtra,Mumbai Suburban,400097,14,7,0,2026-01-01,21
2026-01,Maharashtra,Mumbai Suburban,400098,0,1,0,2026-01-01,1
2026-01,Maharashtra,Mumbai Suburban,400099,8,1,0,2026-01-01,9
2026-01,Maharashtra,Mumbai Suburban,400101,11,11,1,2026-01-01,23
2026-01,Maharashtra,Mumbai Suburban,400102,9,8,0,2026-01-01,17
2026-01,Maharashtra,Mumbai Suburban,400103,4,1,0,2026-01-01,5
2026-01,Maharashtra,Mumbai Suburban,400104,21,6,0,2026-01-01,27
